"","diversity","value"
"1","shannon",0.747175042634638
"2","simpson",0.428431342232106
"3","invsimpson",0.960889535851471
"4","richness",0.908075545797112
