"","diversity","value"
"1","shannon",0.0874992868115136
"2","simpson",0.0592581881177752
"3","invsimpson",0.147567340894593
"4","richness",0.0839949246523411
